<?xml version="1.0" encoding="UTF-8"?>
<project xmlns="http://www.netbeans.org/ns/project/1">
    <type>com.microchip.mplab.nbide.embedded.makeproject</type>
    <configuration>
        <data xmlns="http://www.netbeans.org/ns/make-project/1">
            <name>Proyecto_Final</name>
            <creation-uuid>3d8d0fd0-1909-45d2-befc-e0cd901f964b</creation-uuid>
            <make-project-type>0</make-project-type>
            <c-extensions>c</c-extensions>
            <cpp-extensions/>
            <header-extensions>h</header-extensions>
            <asminc-extensions/>
            <sourceEncoding>ISO-8859-1</sourceEncoding>
            <make-dep-projects/>
            <sourceRootList>
                <sourceRootElem>.</sourceRootElem>
                <sourceRootElem>../Practica3</sourceRootElem>
                <sourceRootElem>../../../../../../OneDrive - Universidad Pontificia Comillas/ICAI/TERCERO/2_CUATRI/Microprocesadores/Laboratorio/Practica4/Practica_4.X</sourceRootElem>
            </sourceRootList>
            <confList>
                <confElem>
                    <name>default</name>
                    <type>2</type>
                </confElem>
            </confList>
            <formatting>
                <project-formatting-style>false</project-formatting-style>
            </formatting>
        </data>
    </configuration>
</project>
